ID,title,author
25648525,title-25648525,author-25648525
25648526,title-25648526,author-25648526
25648527,title-25648527,author-25648527
25648528,title-25648528,author-25648528
25648529,title-25648529,author-25648529
25648530,title-25648530,author-25648530
25648531,title-25648531,author-25648531
25648532,title-25648532,author-25648532
25648533,title-25648533,author-25648533
25648534,title-25648534,author-25648534
25648535,title-25648535,author-25648535
25648536,title-25648536,author-25648536
25648537,title-25648537,author-25648537
25648538,title-25648538,author-25648538
25648539,title-25648539,author-25648539
25648540,title-25648540,author-25648540
25648541,title-25648541,author-25648541
25648542,title-25648542,author-25648542
25648543,title-25648543,author-25648543
25648544,title-25648544,author-25648544
25648545,title-25648545,author-25648545
25648546,title-25648546,author-25648546
25648547,title-25648547,author-25648547
25648548,title-25648548,author-25648548
25648549,title-25648549,author-25648549
25648550,title-25648550,author-25648550
25648551,title-25648551,author-25648551
25648552,title-25648552,author-25648552
25648553,title-25648553,author-25648553
25648554,title-25648554,author-25648554
