up__ID,ID,createdAt,createdBy,modifiedAt,modifiedBy,names,rating,comment
3481956,17297443,2008-12-24T22:00:00.000Z,createdBy.aaqsj@example.net,2004-06-16T22:00:00.000Z,modifiedBy.aaqsj@example.org,names-17297443,99.62,comment-17297443
3481956,17297444,2015-12-23T22:00:00.000Z,createdBy.aaqsk@example.net,2004-10-14T22:00:00.000Z,modifiedBy.aaqsk@example.org,names-17297444,44.1,comment-17297444
3481957,28508424,2006-01-09T22:00:00.000Z,createdBy.gz18o@example.net,2020-05-14T22:00:00.000Z,modifiedBy.gz18o@example.org,names-28508424,94.97,comment-28508424
3481957,28508425,2017-06-01T22:00:00.000Z,createdBy.gz18p@example.com,2009-03-25T22:00:00.000Z,modifiedBy.gz18p@example.org,names-28508425,81.61,comment-28508425
3481958,20047151,2021-02-13T22:00:00.000Z,createdBy.bxohb@example.net,2018-02-04T22:00:00.000Z,modifiedBy.bxohb@example.com,names-20047151,9.91,comment-20047151
3481958,20047152,2012-04-03T22:00:00.000Z,createdBy.bxohc@example.net,2020-11-23T22:00:00.000Z,modifiedBy.bxohc@example.org,names-20047152,100.1,comment-20047152
3481959,22560967,2003-09-30T22:00:00.000Z,createdBy.dfk5j@example.net,2016-05-20T22:00:00.000Z,modifiedBy.dfk5j@example.net,names-22560967,22.93,comment-22560967
3481959,22560968,2007-06-30T22:00:00.000Z,createdBy.dfk5k@example.org,2016-01-24T22:00:00.000Z,modifiedBy.dfk5k@example.org,names-22560968,21.1,comment-22560968
3481960,24858875,2011-06-20T22:00:00.000Z,createdBy.est8b@example.org,2022-11-14T22:00:00.000Z,modifiedBy.est8b@example.org,names-24858875,6.35,comment-24858875
3481960,24858876,2004-11-18T22:00:00.000Z,createdBy.est8c@example.org,2002-02-08T22:00:00.000Z,modifiedBy.est8c@example.org,names-24858876,42.41,comment-24858876
