ID,name,createdAt,createdBy,modifiedAt,modifiedBy
22948929-1c5f-47fd-8a3d-124985aabd07,name-22948929,2015-04-11T22:00:00.000Z,createdBy.dnvi9@example.org,2020-04-19T22:00:00.000Z,modifiedBy.dnvi9@example.com
10826876-9032-4765-8a64-2a5488c9a639,name-10826876,2020-09-17T22:00:00.000Z,createdBy.6g22k@example.com,2004-08-06T22:00:00.000Z,modifiedBy.6g22k@example.org
10826877-8847-429f-b35d-615f82b4721a,name-10826877,2002-07-23T22:00:00.000Z,createdBy.6g22l@example.net,2018-07-21T22:00:00.000Z,modifiedBy.6g22l@example.com
10826878-7999-4f84-8c7a-fce409f57383,name-10826878,2012-04-13T22:00:00.000Z,createdBy.6g22m@example.com,2016-04-12T22:00:00.000Z,modifiedBy.6g22m@example.com
10826879-6b18-4a09-82a0-ffe62a769e3c,name-10826879,2020-03-18T22:00:00.000Z,createdBy.6g22n@example.net,2008-02-20T22:00:00.000Z,modifiedBy.6g22n@example.org
10826880-87e2-4bd3-a709-d8f1704954e5,name-10826880,2006-12-04T22:00:00.000Z,createdBy.6g22o@example.net,2015-12-21T22:00:00.000Z,modifiedBy.6g22o@example.net
10826881-ba36-4ecc-881a-fe30a7b109a5,name-10826881,2020-10-09T22:00:00.000Z,createdBy.6g22p@example.net,2020-01-25T22:00:00.000Z,modifiedBy.6g22p@example.org
10826882-9e82-44af-b273-c5cac40a6661,name-10826882,2001-04-23T22:00:00.000Z,createdBy.6g22q@example.net,2009-07-26T22:00:00.000Z,modifiedBy.6g22q@example.org
10826883-b252-460e-9041-54972631676c,name-10826883,2017-07-27T22:00:00.000Z,createdBy.6g22r@example.net,2000-06-27T22:00:00.000Z,modifiedBy.6g22r@example.com
10826884-d109-424a-b63f-9b31dfaa5147,name-10826884,2022-01-19T22:00:00.000Z,createdBy.6g22s@example.net,2000-08-07T22:00:00.000Z,modifiedBy.6g22s@example.com
10826885-fc9e-41df-b60b-48f21586d068,name-10826885,2018-06-24T22:00:00.000Z,createdBy.6g22t@example.org,2012-09-21T22:00:00.000Z,modifiedBy.6g22t@example.net
10826886-c1ba-4b9e-800b-04a373d93426,name-10826886,2004-11-14T22:00:00.000Z,createdBy.6g22u@example.com,2001-06-26T22:00:00.000Z,modifiedBy.6g22u@example.com
10826887-e762-4e6f-887c-aa53fbdbef3a,name-10826887,2004-07-13T22:00:00.000Z,createdBy.6g22v@example.org,2007-11-02T22:00:00.000Z,modifiedBy.6g22v@example.net
10826888-f822-46d4-8023-c1c1bcb9056d,name-10826888,2010-09-20T22:00:00.000Z,createdBy.6g22w@example.com,2006-12-02T22:00:00.000Z,modifiedBy.6g22w@example.com
10826889-c2ee-4f80-93d2-289b5ab96036,name-10826889,2021-12-11T22:00:00.000Z,createdBy.6g22x@example.org,2000-10-30T22:00:00.000Z,modifiedBy.6g22x@example.org
10826890-6d0c-4e6c-86a3-2ac47597dae9,name-10826890,2008-07-15T22:00:00.000Z,createdBy.6g22y@example.net,2008-02-22T22:00:00.000Z,modifiedBy.6g22y@example.com
10826891-da00-4171-b039-ea904906db15,name-10826891,2008-03-13T22:00:00.000Z,createdBy.6g22z@example.net,2019-02-06T22:00:00.000Z,modifiedBy.6g22z@example.net
10826892-579a-490c-88ea-412ecb7f4ffa,name-10826892,2001-06-19T22:00:00.000Z,createdBy.6g230@example.net,2016-08-27T22:00:00.000Z,modifiedBy.6g230@example.net
10826893-cb4e-4473-94ed-880b7ddd2941,name-10826893,2010-05-15T22:00:00.000Z,createdBy.6g231@example.com,2005-02-23T22:00:00.000Z,modifiedBy.6g231@example.net
10826894-8f26-42fe-9377-d047675b5eb9,name-10826894,2001-03-20T22:00:00.000Z,createdBy.6g232@example.net,2008-08-30T22:00:00.000Z,modifiedBy.6g232@example.org
10826895-a3a2-41ef-9be9-b0c9ccdc338f,name-10826895,2003-03-05T22:00:00.000Z,createdBy.6g233@example.com,2017-02-20T22:00:00.000Z,modifiedBy.6g233@example.net
10826896-22ef-4114-9200-162dbcb45fa6,name-10826896,2021-05-29T22:00:00.000Z,createdBy.6g234@example.org,2016-05-03T22:00:00.000Z,modifiedBy.6g234@example.com
10826897-21af-46ca-92d6-66d12417489c,name-10826897,2002-10-02T22:00:00.000Z,createdBy.6g235@example.org,2007-01-12T22:00:00.000Z,modifiedBy.6g235@example.net
10826898-ef9d-4fd9-aaca-99cb74874fa8,name-10826898,2015-05-28T22:00:00.000Z,createdBy.6g236@example.net,2001-03-11T22:00:00.000Z,modifiedBy.6g236@example.com
10826899-cd0a-4269-bb28-2f17b869e227,name-10826899,2011-04-30T22:00:00.000Z,createdBy.6g237@example.com,2020-01-24T22:00:00.000Z,modifiedBy.6g237@example.org
10826900-199c-46d5-8881-db8eb5cb530c,name-10826900,2004-02-21T22:00:00.000Z,createdBy.6g238@example.net,2008-12-05T22:00:00.000Z,modifiedBy.6g238@example.com
10826901-b3e0-44aa-aae9-9a1a879f1b6d,name-10826901,2019-11-28T22:00:00.000Z,createdBy.6g239@example.com,2023-06-14T22:00:00.000Z,modifiedBy.6g239@example.net
10826902-d1a3-41aa-82b3-165ca4be7870,name-10826902,2010-01-25T22:00:00.000Z,createdBy.6g23a@example.org,2008-12-23T22:00:00.000Z,modifiedBy.6g23a@example.com
10826903-fd77-4750-9c52-d1863d9fa605,name-10826903,2018-01-17T22:00:00.000Z,createdBy.6g23b@example.net,2012-03-29T22:00:00.000Z,modifiedBy.6g23b@example.org
10826904-5e1e-4905-b38f-4bd4ddf65081,name-10826904,2001-03-02T22:00:00.000Z,createdBy.6g23c@example.com,2014-07-11T22:00:00.000Z,modifiedBy.6g23c@example.com
10826905-c420-4ccf-be19-cba80cc6f3b9,name-10826905,2019-06-05T22:00:00.000Z,createdBy.6g23d@example.net,2023-06-03T22:00:00.000Z,modifiedBy.6g23d@example.org
10826906-714b-4576-922d-5ce33fd45020,name-10826906,2001-01-26T22:00:00.000Z,createdBy.6g23e@example.net,2010-07-21T22:00:00.000Z,modifiedBy.6g23e@example.com
10826907-9545-4675-8b68-b944d773f0f2,name-10826907,2004-02-08T22:00:00.000Z,createdBy.6g23f@example.net,2001-01-15T22:00:00.000Z,modifiedBy.6g23f@example.net
10826908-f891-4477-91f7-6cdc38fa99c8,name-10826908,2009-01-30T22:00:00.000Z,createdBy.6g23g@example.net,2007-10-24T22:00:00.000Z,modifiedBy.6g23g@example.org
10826909-70a3-4961-adf3-2ebdbb04bf14,name-10826909,2022-01-23T22:00:00.000Z,createdBy.6g23h@example.com,2003-04-16T22:00:00.000Z,modifiedBy.6g23h@example.org
10826910-c57b-40ed-8efb-f99ecadf039e,name-10826910,2000-05-21T22:00:00.000Z,createdBy.6g23i@example.net,2013-02-17T22:00:00.000Z,modifiedBy.6g23i@example.net
10826911-960b-4978-a668-53220f204a38,name-10826911,2003-11-18T22:00:00.000Z,createdBy.6g23j@example.com,2001-03-25T22:00:00.000Z,modifiedBy.6g23j@example.net
10826912-6031-45b9-be89-f16baf901a44,name-10826912,2003-11-10T22:00:00.000Z,createdBy.6g23k@example.com,2017-03-26T22:00:00.000Z,modifiedBy.6g23k@example.net
10826913-eea4-43cb-96ea-f5432bcd0ef4,name-10826913,2023-10-04T22:00:00.000Z,createdBy.6g23l@example.net,2022-12-31T22:00:00.000Z,modifiedBy.6g23l@example.com
10826914-33b9-410e-8500-43c9dc4fee82,name-10826914,2002-09-26T22:00:00.000Z,createdBy.6g23m@example.com,2018-12-16T22:00:00.000Z,modifiedBy.6g23m@example.com
